timestamp,acce_z
0,0.92
10,0.92
20,0.92
30,0.92
40,0.92
50,0.92
60,0.92
70,0.91
80,0.92
90,0.91
100,0.91
110,0.92
120,0.91
130,0.92
140,0.92
150,0.92
160,0.91
170,0.92
180,0.92
190,0.92
200,0.91
210,0.92
220,0.93
230,0.92
240,0.92
250,0.91
260,0.92
270,0.92
280,0.92
290,0.92
300,0.92
310,0.92
320,0.92
330,0.92
340,0.92
350,0.91
360,0.92
370,0.92
380,0.91
390,0.91
400,0.93
410,0.92
420,0.92
430,0.91
440,0.91
450,0.91
460,0.91
470,0.92
480,0.92
490,0.93
500,0.92
510,0.92
520,1.14
530,0.77
540,1.01
550,1.65
560,1.15
570,0.82
580,0.92
590,1.26
600,0.86
610,0.87
620,0.80
630,1.02
640,0.82
650,0.87
660,0.97
670,0.98
680,0.88
690,0.93
700,0.84
710,0.92
720,0.87
730,0.93
740,0.87
750,0.96
760,0.92
770,0.93
780,0.90
790,0.90
800,0.91
810,0.94
820,0.89
830,0.88
840,0.92
850,0.90
860,0.92
870,0.95
880,0.93
890,0.96
900,0.85
910,0.95
920,0.88
930,0.88
940,0.91
950,0.90
960,0.97
970,0.88
980,0.91
990,0.90
1000,1.00
1010,1.35
1020,0.69
1030,1.10
1040,1.32
1050,0.78
1060,0.89
1070,1.07
1080,1.01
1090,1.02
1100,0.74
1110,1.06
1120,0.76
1130,0.86
1140,0.70
1150,0.97
1160,0.76
1170,0.97
1180,0.83
1190,0.93
1200,0.87
1210,0.92
1220,0.85
1230,0.90
1240,0.89
1250,0.92
1260,0.88
1270,0.95
1280,0.95
1290,0.90
1300,0.92
1310,0.92
1320,0.91
1330,0.92
1340,0.91
1350,0.97
1360,0.89
1370,0.99
1380,0.93
1390,0.95
1400,0.88
1410,0.89
1420,0.93
1430,0.89
1440,0.92
1450,0.90
1460,0.91
1470,0.94
1480,0.76
1490,1.32
1500,0.82
1510,1.04
1520,1.35
1530,0.89
1540,0.87
1550,1.08
1560,0.98
1570,1.04
1580,0.72
1590,1.09
1600,0.70
1610,0.87
1620,0.67
1630,0.93
1640,0.78
1650,0.95
1660,0.83
1670,0.92
1680,0.87
1690,0.98
1700,0.90
1710,0.92
1720,0.94
1730,0.93
1740,0.91
1750,0.90
1760,0.93
1770,0.91
1780,0.91
1790,0.91
1800,0.93
1810,0.92
1820,0.89
1830,0.94
1840,0.94
1850,0.86
1860,0.95
1870,1.00
1880,0.87
1890,0.89
1900,0.96
1910,0.89
1920,1.00
1930,0.84
1940,0.94
1950,0.92
1960,0.80
1970,1.30
1980,0.87
1990,1.32
2000,1.33
2010,0.84
2020,0.87
2030,0.96
2040,0.92
2050,1.03
2060,0.75
2070,1.05
2080,0.65
2090,0.89
2100,0.64
2110,0.95
2120,0.80
2130,0.96
2140,0.82
2150,0.89
2160,0.88
2170,0.99
2180,0.92
2190,0.89
2200,0.98
2210,0.92
2220,0.91
2230,0.93
2240,0.93
2250,0.90
2260,0.92
2270,0.92
2280,0.90
2290,0.97
2300,0.85
2310,0.99
2320,0.86
2330,0.92
2340,0.94
2350,0.95
2360,0.92
2370,0.88
2380,0.91
2390,0.90
2400,0.96
2410,0.91
2420,0.93
2430,0.91
2440,0.72
2450,1.44
2460,0.88
2470,1.37
2480,1.44
2490,0.82
2500,0.85
2510,1.06
2520,0.96
2530,0.89
2540,0.75
2550,1.18
2560,0.66
2570,0.95
2580,0.66
2590,0.95
2600,0.84
2610,0.98
2620,0.77
2630,0.93
2640,0.88
2650,0.98
2660,0.84
2670,0.93
2680,0.94
2690,0.94
2700,0.86
2710,0.96
2720,0.91
2730,0.98
2740,0.90
2750,0.90
2760,0.92
2770,0.92
2780,0.93
2790,0.95
2800,0.85
2810,0.94
2820,0.83
2830,0.96
2840,0.86
2850,0.77
2860,0.96
2870,0.87
2880,1.01
2890,0.91
2900,0.90
2910,0.92
2920,0.84
2930,1.53
2940,0.79
2950,1.30
2960,1.42
2970,0.77
2980,0.85
2990,0.97
3000,0.85
3010,0.91
3020,0.77
3030,1.16
3040,0.65
3050,0.93
3060,0.64
3070,0.98
3080,0.79
3090,0.96
3100,0.85
3110,0.93
3120,0.89
3130,1.00
3140,0.84
3150,0.99
3160,0.93
3170,0.85
3180,0.92
3190,0.94
3200,0.87
3210,0.92
3220,0.88
3230,0.92
3240,0.96
3250,0.94
3260,0.90
3270,0.94
3280,0.89
3290,0.93
3300,0.94
3310,0.92
3320,0.91
3330,0.91
3340,0.93
3350,0.91
3360,0.93
3370,0.90
3380,0.94
3390,0.92
3400,0.75
3410,1.48
3420,0.73
3430,1.20
3440,1.47
3450,0.81
3460,0.88
3470,1.01
3480,0.98
3490,0.95
3500,0.70
3510,1.20
3520,0.64
3530,0.94
3540,0.62
3550,0.94
3560,0.80
3570,0.97
3580,0.84
3590,0.96
3600,0.85
3610,0.99
3620,0.87
3630,0.91
3640,0.94
3650,0.92
3660,0.92
3670,0.93
3680,0.90
3690,0.94
3700,0.91
3710,0.93
3720,0.94
3730,0.95
3740,0.90
3750,0.96
3760,1.04
3770,0.81
3780,0.92
3790,0.96
3800,0.86
3810,0.96
3820,0.83
3830,1.00
3840,0.88
3850,0.94
3860,0.92
3870,0.98
3880,0.84
3890,1.29
3900,0.84
3910,1.23
3920,1.40
3930,0.85
3940,0.94
3951,1.26
3960,0.96
3970,0.85
3980,0.71
3990,1.22
4000,0.56
4010,0.95
4020,0.73
4030,0.89
4040,0.80
4050,0.93
4060,0.89
4071,0.93
4080,0.79
4090,1.00
4100,0.84
4110,0.97
4120,0.95
4130,0.89
4140,0.91
4150,0.98
4160,0.86
4170,1.00
4180,0.88
4190,0.92
4200,0.95
4210,0.86
4220,0.99
4230,0.83
4240,0.99
4250,0.88
4260,0.98
4270,0.89
4280,0.98
4290,0.93
4300,0.94
4310,0.91
4320,0.91
4330,0.94
4340,0.90
4350,0.94
4360,0.81
4370,1.13
4380,0.80
4390,1.19
4400,1.49
4410,0.77
4420,0.87
4430,1.24
4440,0.84
4450,0.83
4460,0.68
4470,1.18
4480,0.56
4490,0.90
4500,0.77
4510,0.94
4520,0.78
4530,0.96
4540,0.84
4550,0.89
4560,0.83
4570,0.94
4580,0.83
4590,0.94
4600,0.88
4610,0.96
4620,0.91
4630,0.96
4640,0.85
4650,0.95
4660,0.91
4670,0.91
4680,0.93
4690,0.96
4700,0.89
4710,0.91
4720,0.96
4730,1.01
4740,0.96
4750,0.91
4760,0.91
4770,0.89
4780,0.86
4790,0.92
4800,0.95
4810,0.95
4820,0.90
4830,0.90
4840,0.91
4850,1.32
4860,0.77
4870,1.11
4880,1.45
4890,0.81
4900,0.83
4910,1.18
4920,0.90
4930,0.91
4940,0.63
4950,1.02
4960,0.68
4970,0.90
4980,0.71
4990,1.00
5000,0.76
5010,0.98
5020,0.82
5030,0.96
5040,0.80
5050,0.91
5060,0.89
5070,0.92
5080,0.89
5090,0.88
5100,0.81
5110,1.00
5120,0.93
5130,0.96
5140,0.92
5150,0.88
5160,0.91
5170,0.93
5180,0.94
5190,0.94
5200,0.93
5210,0.99
5220,0.92
5230,0.95
5240,0.88
5250,0.87
5260,0.94
5270,0.91
5280,0.91
5290,0.92
5300,0.90
5310,0.92
5320,0.75
5330,1.37
5340,0.89
5350,1.15
5360,1.34
5370,0.86
5380,0.85
5390,1.16
5400,0.97
5410,0.89
5420,0.67
5430,1.02
5440,0.66
5450,0.90
5460,0.69
5470,1.00
5480,0.76
5490,0.93
5500,0.82
5510,0.93
5520,0.81
5530,0.96
5540,0.84
5550,0.92
5560,0.87
5570,0.97
5580,0.88
5590,0.90
5600,0.93
5610,0.88
5620,0.87
5630,0.99
5640,0.97
5650,0.89
5660,0.88
5670,0.91
5680,1.05
5690,0.74
5700,1.03
5710,0.86
5720,0.83
5730,0.85
5740,0.92
5750,0.94
5760,1.02
5770,0.84
5780,0.96
5790,0.86
5800,0.90
5810,1.41
5820,0.88
5830,1.11
5840,1.42
5850,0.78
5860,0.82
5870,1.19
5880,0.88
5890,0.95
5900,0.62
5910,0.98
5920,0.57
5930,0.85
5940,0.62
5950,0.94
5960,0.77
5970,0.96
5980,0.81
5990,0.89
6000,0.81
6010,0.95
6020,0.88
6030,0.95
6040,0.93
6050,0.93
6060,0.84
6070,0.98
6080,0.90
6090,0.91
6100,0.88
6110,0.93
6120,0.88
6130,1.04
6140,0.90
6150,0.95
6160,0.86
6170,0.88
6180,0.95
6190,0.90
6200,0.99
6210,0.87
6220,0.90
6230,0.91
6240,0.96
6250,0.91
6260,0.93
6270,0.91
6280,0.78
6290,1.33
6300,0.92
6310,1.48
6320,1.50
6330,0.84
6340,0.91
6350,1.21
6360,0.91
6370,0.87
6380,0.69
6390,0.99
6400,0.59
6410,0.91
6420,0.67
6430,1.05
6440,0.80
6450,0.95
6460,0.85
6470,0.87
6480,0.80
6490,0.96
6500,0.84
6510,0.95
6520,0.88
6530,1.02
6540,0.83
6550,0.97
6560,0.95
6570,0.84
6580,0.81
6590,0.93
6600,0.95
6610,0.89
6620,0.97
6630,0.95
6640,0.92
6650,0.91
6660,0.82
6670,0.99
6680,0.87
6690,0.83
6700,0.89
6710,0.85
6720,0.95
6730,0.92
6740,0.93
6750,0.91
6760,0.88
6770,1.42
6780,0.86
6790,1.41
6800,1.45
6810,0.76
6820,0.86
6830,1.20
6840,0.79
6850,0.78
6860,0.69
6870,1.04
6880,0.63
6890,0.90
6900,0.66
6910,1.03
6920,0.87
6930,0.95
6940,0.85
6950,0.85
6960,0.80
6970,0.99
6980,0.85
6990,0.97
7000,0.92
7010,0.88
7020,1.00
7030,1.03
7040,0.88
7050,0.95
7060,0.85
7070,0.87
7080,0.92
7090,0.98
7100,0.91
7110,0.94
7120,0.94
7130,0.90
7140,0.92
7150,0.94
7160,0.91
7170,0.91
7180,0.91
7190,0.92
7200,0.93
7210,0.91
7220,0.93
7230,0.92
7240,0.82
7250,1.38
7260,0.74
7270,1.32
7280,1.49
7290,0.76
7300,0.90
7310,1.20
7320,0.82
7330,0.82
7340,0.72
7350,1.04
7360,0.64
7370,0.94
7380,0.65
7390,1.11
7400,0.82
7410,1.01
7420,0.88
7430,0.84
7440,0.85
7450,0.89
7460,0.91
7470,0.93
7480,0.88
7490,0.98
7500,0.93
7510,0.94
7520,0.85
7530,0.96
7540,0.93
7550,0.94
7560,0.94
7570,0.91
7580,0.87
7590,0.96
7600,1.09
7610,0.85
7620,0.93
7630,0.86
7640,0.84
7650,0.85
7660,0.86
7670,0.94
7680,0.77
7690,0.99
7700,0.93
7710,1.02
7720,0.83
7730,1.31
7740,0.80
7750,1.39
7760,1.45
7770,0.78
7780,0.92
7790,1.16
7800,0.72
7810,0.79
7820,0.71
7830,1.06
7840,0.62
7850,0.94
7860,0.80
7870,1.05
7880,0.85
7890,0.97
7900,0.87
7910,0.92
7920,0.86
7930,0.87
7940,0.86
7950,0.93
7960,0.82
7970,1.18
7980,0.71
7990,1.69
8000,1.34
8010,0.84
8020,0.87
8030,1.24
8040,0.80
8050,0.82
8060,0.77
8070,1.06
8080,0.73
8090,0.89
8100,0.76
8110,1.05
8120,0.85
8130,1.09
8140,0.88
8150,0.92
8160,0.91
8170,0.88
8180,0.84
8190,0.94
8200,0.82
8210,1.10
8220,0.75
8230,1.57
8240,1.19
8250,0.88
8260,0.88
8270,1.10
8280,0.79
8290,0.79
8300,0.68
8310,0.97
8320,0.63
8330,0.96
8340,0.84
8350,1.12
8360,0.82
8370,0.99
8380,0.92
8390,0.93
8400,0.92
8410,0.88
8420,0.88
8430,0.90
8440,0.85
8450,0.97
8460,0.99
8470,0.90
8480,0.89
8490,0.92
8500,0.90
8510,0.94
8520,0.95
8530,0.87
8540,0.89
8550,0.97
8560,1.00
8570,0.81
8580,1.11
8590,0.95
8600,1.02
8610,0.88
8620,0.84
8630,0.91
8640,0.97
8650,0.98
8660,0.96
8670,0.92
8680,0.79
8690,1.38
8700,0.88
8710,1.17
8720,1.50
8730,0.82
8740,0.86
8750,1.22
8760,0.70
8770,0.77
8780,0.65
8790,1.06
8800,0.81
8810,1.02
8820,0.78
8830,1.13
8840,0.77
8850,0.92
8860,0.91
8870,0.91
8880,0.91
8890,0.86
8900,0.92
8910,0.90
8920,0.99
8930,0.94
8940,0.85
8950,1.02
8961,0.95
8970,0.91
8980,0.94
8990,0.89
9000,0.85
9010,0.89
9020,1.01
9030,0.98
9040,0.85
9050,0.88
9060,1.03
9070,0.97
9080,0.86
9090,0.82
9100,0.89
9110,0.96
9120,0.92
9130,0.91
9140,0.88
9150,0.94
9160,0.73
9170,1.31
9180,0.99
9190,1.42
9200,1.56
9210,0.85
9220,0.90
9230,1.22
9240,0.77
9250,0.79
9260,0.78
9270,1.11
9280,0.80
9290,1.02
9300,0.75
9310,1.09
9320,0.87
9330,1.11
9340,0.87
9350,0.90
9360,0.94
9370,0.91
9380,0.92
9390,0.93
9400,0.99
9410,0.96
9420,0.95
9430,0.92
9440,0.85
9450,0.89
9460,0.95
9470,0.88
9480,0.94
9490,0.94
9500,0.88
9510,0.90
9520,0.93
9530,0.92
9540,0.96
9550,0.86
9560,0.95
9570,0.96
9580,0.90
9590,0.93
9600,0.89
9610,0.89
9620,1.04
9630,0.87
9640,0.92
9650,1.51
9660,0.84
9670,1.42
9680,1.49
9690,0.73
9700,0.91
9710,1.25
9720,0.70
9730,0.80
9740,0.76
9750,1.11
9760,0.71
9770,1.02
9780,0.71
9790,1.18
9800,0.87
9810,1.08
9820,0.89
9830,0.92
9840,0.92
9850,0.92
9860,0.91
9870,0.96
9880,1.02
9890,0.88
9900,0.87
9910,0.98
9920,0.91
9930,1.06
9940,0.83
9950,0.93
9960,0.85
9970,1.06
9980,0.91
9990,0.94
10000,0.90
10010,0.87
10020,0.95
10030,0.88
10040,1.01
10050,0.95
10060,0.91
10070,0.86
10080,0.97
10090,0.89
10100,0.94
10110,0.88
10120,0.73
10130,1.33
10140,1.02
10150,1.30
10160,1.60
10170,0.76
10180,0.92
10190,1.10
10200,0.76
10210,0.79
10220,0.75
10230,1.13
10240,0.70
10250,1.08
10260,0.82
10270,1.19
10280,0.82
10290,1.11
10300,0.87
10310,0.91
10320,0.88
10330,0.97
10340,0.92
10350,0.93
10360,0.93
10370,0.92
10380,0.93
10390,0.91
10400,0.92
10410,1.01
10420,0.81
10430,0.87
10440,0.98
10450,1.02
10460,0.88
10470,0.93
10480,0.95
10490,0.82
10500,0.82
10510,0.89
10520,1.06
10530,0.96
10540,0.82
10550,0.87
10560,1.00
10570,0.94
10580,1.02
10590,0.94
10600,0.83
10610,1.38
10620,0.91
10630,1.29
10640,1.48
10650,0.80
10660,0.86
10670,1.07
10680,0.63
10690,0.79
10700,0.69
10710,1.09
10720,0.84
10730,1.12
10740,0.81
10750,1.22
10760,0.78
10770,1.13
10780,0.81
10790,0.97
10800,0.98
10810,1.02
10820,0.91
10830,0.92
10840,0.94
10850,0.93
10860,0.76
10870,1.02
10880,0.99
10890,0.91
10900,0.90
10910,0.85
10920,0.85
10930,0.93
10940,0.99
10950,0.95
10960,0.90
10970,0.84
10980,0.89
10990,0.91
11000,0.95
11010,0.92
11020,0.92
11030,0.94
11040,0.92
11050,0.93
11060,0.89
11070,0.92
11080,0.73
11090,1.36
11100,0.90
11110,1.22
11120,1.49
11130,0.81
11140,0.86
11150,1.03
11160,0.68
11170,0.86
11180,0.74
11190,1.22
11200,0.83
11210,1.11
11220,0.75
11230,1.18
11240,0.76
11250,1.16
11260,0.87
11270,1.01
11280,0.90
11290,0.95
11300,1.06
11310,0.87
11320,0.93
11330,0.97
11340,0.97
11350,0.91
11360,0.86
11370,0.89
11380,0.91
11390,0.99
11400,0.90
11410,0.89
11420,0.87
11430,0.92
11440,0.96
11450,0.81
11460,0.87
11470,0.91
11480,1.04
11490,0.64
11500,0.83
11510,0.99
11520,0.85
11530,0.98
11540,0.76
11550,0.95
11560,0.78
11570,1.53
11580,0.78
11590,1.45
11600,1.46
11610,0.69
11620,0.86
11630,1.08
11640,0.63
11650,0.82
11660,0.82
11670,1.21
11680,0.74
11690,1.12
11700,0.70
11710,1.04
11720,0.91
11730,1.14
11740,0.88
11750,1.07
11760,0.85
11770,0.98
11780,1.09
11790,0.82
11800,0.98
11810,0.97
11820,0.94
11830,1.01
11840,0.85
11850,0.93
11860,0.94
11870,0.95
11880,1.00
11890,0.87
11900,1.06
11910,0.83
11920,0.94
11930,0.94
11940,0.86
11950,0.97
11960,0.83
11970,0.93
11980,0.96
11990,1.06
12000,0.82
12010,0.88
12020,0.96
12030,0.91
12040,0.65
12050,1.36
12060,0.93
12070,1.43
12080,1.53
12090,0.63
12100,0.90
12110,1.10
12120,0.72
12130,0.99
12140,0.78
12150,1.25
12160,0.77
12170,1.16
12180,0.73
12190,1.04
12200,0.90
12210,1.16
12220,0.92
12230,0.99
12240,1.05
12250,0.89
12260,0.91
12270,0.89
12280,0.92
12290,0.90
12300,0.94
12310,0.94
12320,0.95
12330,0.91
12340,0.88
12350,0.90
12360,0.91
12370,0.92
12380,0.88
12390,0.86
12400,0.96
12410,0.79
12420,0.96
12430,0.99
12440,0.82
12450,0.83
12460,0.82
12470,0.86
12480,1.02
12490,0.99
12500,0.90
12510,0.87
12520,0.78
12530,1.29
12540,0.79
12550,1.42
12560,1.53
12570,0.68
12580,0.85
12590,0.94
12600,0.66
12610,0.94
12620,0.81
12630,1.30
12640,0.75
12650,1.16
12660,1.13
12670,1.04
12680,0.94
12690,1.16
12700,1.00
12710,1.01
12720,1.10
12730,0.78
12740,0.91
12750,0.94
12760,0.85
12770,0.95
12780,0.94
12790,0.96
12800,0.99
12810,0.89
12820,0.83
12830,0.92
12840,0.95
12850,0.98
12860,0.99
12870,0.96
12880,0.89
12890,0.88
12900,1.02
12910,0.96
12920,0.77
12930,0.81
12940,0.86
12950,0.93
12960,0.90
12970,0.90
12980,0.93
12990,0.95
13000,0.67
13010,1.37
13020,0.95
13030,1.39
13040,1.59
13050,0.63
13060,0.90
13070,0.92
13080,0.76
13090,0.99
13100,0.83
13110,1.35
13120,1.15
13130,0.94
13140,1.12
13150,1.00
13160,1.04
13170,1.06
13180,1.10
13190,0.82
13200,0.97
13210,0.86
13220,0.92
13230,0.86
13240,0.92
13250,1.01
13260,1.01
13270,0.90
13280,0.77
13290,0.95
13300,0.93
13310,0.90
13320,0.87
13330,0.97
13340,0.93
13350,0.85
13360,0.98
13370,0.93
13380,1.03
13390,0.80
13400,0.88
13410,0.93
13420,0.86
13430,0.95
13440,1.03
13450,0.93
13460,1.08
13470,0.78
13480,0.80
13490,1.57
13500,0.74
13510,1.30
13520,1.40
13530,0.68
13540,0.85
13550,0.89
13560,0.72
13570,1.02
13580,0.82
13590,1.17
13600,1.15
13610,0.93
13620,1.14
13630,1.00
13640,1.13
13650,0.81
13660,1.07
13670,0.86
13680,0.92
13690,0.88
13700,0.99
13710,0.92
13720,0.95
13730,1.03
13740,0.83
13750,0.97
13760,0.98
13770,0.97
13780,0.84
13790,0.94
13800,0.86
13810,1.09
13820,0.97
13830,1.03
13840,0.86
13850,0.81
13860,1.06
13870,0.76
13880,1.10
13890,0.89
13900,0.93
13910,0.84
13920,0.96
13930,0.88
13940,0.98
13950,0.90
13960,0.63
13971,1.14
13980,0.81
13990,1.59
14000,1.43
14010,0.70
14020,0.90
14030,0.90
14040,0.75
14050,1.15
14060,1.06
14070,1.21
14080,1.12
14090,0.92
14100,1.12
14110,0.95
14120,1.13
14130,0.74
14140,0.94
14150,0.82
14160,0.95
14170,0.93
14180,0.89
14190,0.94
14200,0.98
14210,0.92
14220,0.89
14230,0.92
14240,0.94
14250,0.94
14260,0.86
14270,0.86
14280,0.94
14290,1.02
14300,0.94
14310,0.90
14320,0.82
14330,0.96
14340,0.99
14350,0.75
14360,1.04
14370,0.79
14380,0.85
14390,0.79
14400,0.95
14410,0.97
14420,0.98
14430,0.86
14440,0.72
14450,1.72
14460,0.68
14470,1.62
14480,1.43
14490,0.61
14500,0.87
14510,0.86
14520,0.65
14530,1.11
14540,1.17
14550,1.12
14560,1.13
14570,0.86
14580,1.14
14590,0.82
14600,1.01
14610,0.78
14620,0.88
14630,0.91
14640,0.97
14650,1.00
14660,0.86
14670,0.96
14680,0.85
14690,0.94
14700,0.90
14710,1.12
14720,0.95
14730,0.97
14740,0.85
14750,0.78
14760,0.90
14770,1.04
14780,0.97
14790,0.94
14800,0.95
14810,0.86
14820,0.88
14830,0.96
14840,0.94
14850,0.90
14860,0.92
14870,0.93
14880,0.93
14890,0.90
14900,0.88
14910,0.90
14920,0.64
14930,1.18
14940,0.68
14950,1.66
14960,1.60
14970,0.63
14980,0.81
14990,0.87
15000,0.88
15010,1.07
15020,1.30
15030,1.05
15040,0.97
15050,0.82
15060,0.88
15070,0.83
15080,0.88
15090,0.93
15100,0.90
15110,0.96
15120,0.93
15130,0.88
15140,0.91
15150,0.90
15160,0.91
15170,1.02
15180,1.05
15190,0.92
15200,0.80
15210,0.91
15220,1.01
15230,1.04
15240,0.95
15250,0.86
15260,0.82
15270,1.01
15280,1.16
15290,0.93
15300,0.88
15310,0.81
15320,0.94
15330,0.98
15340,1.08
15350,0.97
15360,0.75
15370,1.04
15380,0.85
15390,1.02
15400,0.68
15410,1.30
15420,0.70
15430,1.57
15440,1.47
15450,0.60
15460,0.91
15470,0.84
15480,0.80
15490,1.10
15500,1.28
15510,1.02
15520,0.96
15530,0.89
15540,0.92
15550,0.78
15560,0.92
15570,0.84
15580,0.86
15590,0.98
15600,0.80
15610,0.94
15620,0.93
15630,0.85
15640,0.91
15650,1.15
15660,0.70
15670,1.65
15680,1.33
15690,0.69
15700,0.84
15710,0.83
15720,0.83
15730,1.11
15740,1.33
15750,0.93
15760,1.06
15770,0.70
15780,0.89
15790,0.83
15800,0.84
15810,0.98
15820,0.84
15830,0.98
15840,0.87
15850,0.91
15860,0.89
15870,0.95
15880,0.89
15890,1.01
15900,0.94
15910,1.56
15920,1.46
15930,0.66
15940,0.85
15950,0.86
15960,1.05
15970,1.06
15980,1.16
15990,1.04
16000,0.92
16013,1.10
16020,0.93
16030,0.91
16040,0.84
16050,0.91
16060,0.88
16070,0.93
16080,0.88
16090,0.92
16100,0.85
16110,0.94
16120,0.91
16130,0.96
16140,0.92
16150,0.96
16160,0.93
16170,0.98
16180,0.89
16190,0.93
16200,0.88
16210,0.87
16220,0.97
16230,0.85
16240,0.98
16250,0.78
16260,0.98
16270,0.93
16280,0.97
16290,0.90
16300,0.81
16310,0.92
16320,1.06
16330,0.98
16340,0.82
16350,0.86
16360,0.69
16370,1.44
16380,0.76
16390,1.52
16400,1.59
16410,0.59
16420,0.77
16430,0.82
16440,0.87
16450,1.08
16460,1.21
16470,1.01
16480,0.79
16490,0.74
16500,0.92
16510,0.92
16520,0.87
16530,0.93
16540,0.83
16550,0.88
16560,0.85
16570,0.90
16580,1.00
16590,0.92
16600,0.98
16610,0.94
16620,0.82
16630,0.98
16640,1.02
16650,0.93
16660,0.89
16670,0.85
16680,0.85
16690,0.87
16700,1.00
16710,1.06
16720,0.86
16730,0.90
16740,1.03
16750,0.91
16760,0.78
16770,0.78
16780,0.85
16790,0.99
16800,0.97
16810,0.89
16820,0.93
16830,0.98
16840,0.59
16850,1.53
16860,0.83
16870,1.44
16880,1.74
16890,0.56
16900,0.86
16910,0.84
16920,0.99
16930,1.09
16940,1.22
16950,1.02
16960,0.89
16970,0.75
16980,0.93
16990,0.91
17000,0.83
17010,0.94
17020,0.85
17030,0.93
17040,0.90
17050,0.98
17060,0.87
17070,0.87
17080,0.87
17090,1.02
17100,0.97
17110,0.90
17120,0.75
17130,0.93
17140,0.93
17150,0.95
17160,0.97
17170,0.97
17180,0.90
17190,0.89
17200,1.00
17210,0.84
17220,0.98
17230,0.85
17240,0.96
17250,1.06
17260,0.77
17270,0.91
17280,0.84
17290,0.94
17300,1.10
17310,0.93
17320,0.89
17330,1.45
17340,0.74
17350,1.47
17360,1.64
17370,0.81
17380,0.78
17390,0.86
17400,0.91
17410,1.08
17420,1.16
17430,1.01
17440,0.87
17450,0.77
17460,0.90
17470,0.90
17480,0.89
17490,0.91
17500,0.85
17510,0.99
17520,0.93
17530,0.85
17540,0.89
17550,0.98
17560,0.96
17570,1.10
17580,0.86
17590,1.02
17600,0.95
17610,1.01
17620,0.73
17630,0.94
17640,0.87
17650,1.18
17660,0.97
17670,0.94
17680,0.82
17690,0.81
17700,1.03
17710,0.76
17720,1.13
17730,0.86
17740,0.91
17750,0.83
17760,1.04
17770,0.80
17780,0.97
17790,0.97
17800,0.57
17810,1.53
17820,0.82
17830,1.33
17840,1.29
17850,0.86
17860,0.82
17870,0.87
17880,1.23
17890,0.94
17900,0.92
17910,0.99
17920,0.88
17930,0.84
17940,0.90
17950,0.95
17960,0.86
17970,0.97
17980,0.90
17990,0.97
18000,0.89
18010,0.96
18020,0.86
18030,0.94
18040,0.93
18050,0.85
18060,0.91
18070,0.95
18080,0.97
18090,0.97
18100,0.79
18110,0.78
18120,0.98
18130,1.14
18140,0.94
18150,0.91
18160,0.90
18170,0.83
18180,1.01
18190,0.99
18200,0.94
18210,0.88
18220,0.79
18230,0.89
18240,1.10
18250,1.03
18260,1.07
18270,0.89
18280,0.68
18290,1.64
18300,0.78
18310,1.51
18320,1.30
18330,0.77
18340,0.75
18350,0.84
18360,1.13
18370,0.88
18380,0.97
18390,1.07
18400,0.90
18410,0.87
18420,0.88
18430,0.95
18440,0.79
18450,0.92
18460,0.82
18470,0.90
18480,0.98
18490,1.04
18500,0.95
18510,0.87
18520,0.85
18530,1.00
18540,0.81
18550,1.03
18560,0.97
18570,0.88
18580,0.87
18590,0.78
18600,0.83
18610,1.05
18620,1.03
18630,1.04
18640,0.86
18650,0.90
18660,0.84
18670,0.97
18680,0.98
18690,0.92
18700,0.92
18710,0.97
18720,0.96
18730,0.89
18740,0.83
18750,0.88
18760,0.62
18770,0.58
18780,1.08
18790,1.70
18800,1.36
18810,0.74
18820,0.76
18830,0.88
18840,1.19
18850,0.78
18860,0.98
18870,1.05
18880,0.85
18890,0.91
18900,0.84
18910,1.01
18920,0.93
18930,0.92
18940,0.87
18950,0.95
18960,0.91
18970,0.88
18981,0.93
18990,0.92
19000,0.91
19010,1.04
19020,1.04
19030,0.99
19040,0.83
19050,0.87
19060,1.02
19070,1.10
19080,0.98
19090,0.85
19100,0.76
19110,0.84
19120,1.01
19130,0.96
19140,0.79
19150,0.99
19160,1.12
19170,0.64
19180,0.85
19190,1.00
19200,0.87
19210,1.13
19220,0.85
19230,1.01
19240,0.55
19250,1.64
19260,0.94
19271,1.05
19280,1.26
19290,0.77
19300,0.74
19310,0.85
19320,1.15
19330,0.78
19340,1.05
19350,0.97
19360,0.87
19370,0.95
19380,0.84
19390,0.73
19400,1.00
19410,0.80
19420,0.83
19430,1.06
19440,0.73
19450,1.05
19460,1.04
19470,0.82
19480,0.87
19490,1.02
19500,1.02
19510,1.01
19520,0.86
19530,0.83
19540,1.06
19550,0.88
19560,1.11
19570,0.82
19580,1.15
19590,0.91
19600,0.79
19610,1.06
19620,0.62
19630,1.13
19640,0.63
19650,1.07
19660,0.66
19670,1.18
19680,0.70
19690,0.98
19700,0.90
19710,0.89
19720,0.55
19730,1.25
19740,0.75
19750,1.63
19760,1.54
19770,0.68
19780,0.80
19790,0.86
19800,0.83
19810,0.79
19820,0.98
19830,1.09
19840,0.82
19850,0.98
19860,0.83
19870,0.79
19880,0.90
19890,0.91
19900,0.90
19910,0.97
19920,0.92
19930,0.93
19940,0.87
19950,0.90
19960,0.89
19970,0.95
19980,0.91
19990,0.92
20000,0.99
20010,0.98
20020,0.87
20030,0.86
20040,0.92
20050,0.86
20060,0.86
20070,0.97
20080,0.81
20090,0.97
20100,0.83
20110,0.94
20120,0.82
20130,0.79
20140,0.74
20150,0.87
20160,1.09
20170,1.08
20180,0.85
20190,0.77
20200,0.66
20210,1.23
20220,0.74
20230,1.66
20240,1.55
20250,0.73
20260,0.73
20270,0.88
20280,0.97
20290,0.79
20300,1.04
20310,1.09
20320,0.79
20330,0.93
20340,0.79
20350,0.82
20360,0.95
20370,0.93
20380,0.82
20390,0.93
20400,0.92
20410,0.97
20420,0.94
20430,0.97
20440,0.85
20450,0.94
20460,0.93
20470,0.98
20480,0.99
20490,0.88
20500,0.78
20510,0.89
20520,0.97
20530,1.01
20540,0.99
20550,1.01
20560,0.91
20570,0.83
20580,1.21
20590,0.90
20600,0.68
20610,0.75
20620,0.80
20630,0.95
20640,0.95
20650,0.85
20660,0.95
20670,1.03
20680,0.60
20690,1.36
20700,0.91
20710,1.63
20720,1.71
20730,0.73
20740,0.72
20750,0.89
20760,1.14
20770,0.77
20780,1.05
20790,1.08
20800,0.80
20810,0.95
20820,0.98
20830,0.85
20840,0.92
20850,0.97
20860,0.87
20870,0.84
20880,0.88
20890,1.04
20900,0.88
20910,0.82
20920,0.88
20930,1.04
20940,1.05
20950,0.92
20960,0.80
20970,0.96
20980,1.02
20990,0.95
21000,0.90
21010,0.87
21020,0.92
21030,0.91
21040,0.95
21050,0.89
21060,1.09
21070,0.79
21080,0.76
21090,0.95
21100,0.67
21110,0.94
21120,0.92
21130,1.06
21140,1.08
21150,0.72
21160,0.89
21170,1.24
21180,0.73
21190,1.64
21200,1.59
21210,0.66
21220,0.84
21230,1.04
21240,1.15
21250,0.78
21260,0.97
21270,1.08
21280,0.78
21290,1.01
21300,1.02
21310,0.82
21320,0.92
21330,0.95
21340,0.79
21350,1.01
21360,0.96
21370,0.83
21380,0.91
21390,1.01
21400,0.95
21410,0.99
21420,0.82
21430,0.97
21440,0.83
21450,1.18
21460,0.75
21470,0.98
21480,0.74
21490,1.09
21500,1.05
21510,0.93
21520,1.10
21530,0.69
21540,1.13
21550,0.61
21560,0.95
21570,0.97
21580,0.89
21590,0.89
21600,0.91
21610,0.84
21620,1.02
21630,1.04
21640,0.57
21650,1.45
21660,0.77
21670,1.36
21680,1.78
21690,0.72
21700,0.73
21710,1.04
21720,1.25
21730,0.77
21740,0.91
21750,1.20
21760,0.74
21770,0.83
21780,0.97
21790,0.91
21800,0.88
21810,0.95
21820,0.85
21830,0.95
21840,0.85
21850,0.95
21860,0.89
21870,0.95
21880,0.92
21890,0.92
21900,0.98
21910,0.96
21920,0.94
21930,0.97
21940,0.81
21950,0.86
21960,0.94
21970,1.13
21980,0.94
21990,0.86
22000,0.89
22010,0.87
22020,0.81
22030,0.86
22040,1.03
22050,0.84
22060,0.81
22070,0.88
22080,0.99
22090,1.01
22100,1.09
22110,0.95
22120,0.72
22130,1.56
22140,0.82
22150,1.40
22160,1.75
22170,0.88
22180,0.69
22190,0.92
22200,1.22
22210,0.78
22220,0.86
22230,1.22
22240,0.92
22250,0.85
22260,1.10
22270,0.91
22280,0.83
22290,0.98
22300,0.86
22310,0.95
22320,0.97
22330,1.05
22340,0.88
22350,0.85
22360,0.85
22370,0.99
22380,0.83
22390,1.13
22400,1.01
22410,0.89
22420,0.80
22430,0.78
22440,0.78
22450,0.99
22460,1.03
22470,1.03
22480,0.91
22490,0.77
22500,0.94
22510,0.94
22520,1.01
22530,0.97
22540,0.94
22550,0.97
22560,0.88
22570,0.90
22580,0.82
22590,0.89
22600,0.69
22610,1.48
22620,0.95
22630,1.35
22640,1.60
22650,0.93
22660,0.69
22670,0.93
22680,1.25
22690,0.81
22700,0.91
22710,1.04
22720,0.89
22730,0.87
22740,0.86
22750,1.01
22760,0.79
22770,0.93
22780,0.91
22790,1.01
22800,0.88
22810,0.82
22820,0.90
22830,0.76
22840,0.88
22850,1.08
22860,1.04
22870,0.89
22880,0.78
22890,0.77
22900,0.90
22910,1.06
22920,0.87
22930,0.74
22940,0.76
22950,0.95
22960,1.11
22970,0.93
22980,0.77
22990,0.72
23000,1.11
23010,0.74
23020,0.85
23030,1.06
23040,0.63
23050,0.97
23060,0.86
23070,1.02
23080,0.94
23090,1.51
23100,0.84
23110,1.20
23120,1.55
23130,0.89
23140,0.70
23150,0.87
23160,1.21
23170,0.84
23180,0.86
23190,1.00
23200,0.86
23210,0.90
23220,0.83
23230,0.91
23240,0.87
23250,0.89
23260,0.88
23270,1.02
23280,0.85
23290,0.97
23300,0.93
23310,0.82
23320,0.86
23330,1.04
23340,0.88
23350,1.60
23360,1.82
23370,0.83
23380,0.77
23390,0.84
23400,1.33
23410,0.92
23420,0.96
23430,1.05
23440,0.87
23450,0.93
23460,0.91
23470,0.90
23480,0.81
23490,0.93
23500,0.85
23510,0.94
23520,0.90
23530,0.99
23540,0.87
23550,1.03
23560,0.78
23570,1.37
23580,0.94
23590,1.20
23600,1.73
23610,0.99
23620,0.71
23630,0.86
23640,1.15
23650,0.96
23660,0.95
23670,1.01
23680,0.91
23690,0.87
23700,0.84
23710,0.95
23720,0.78
23730,0.89
23740,0.85
23750,0.96
23760,0.93
23770,0.89
23780,0.90
23790,0.92
23800,0.92
23810,0.95
23820,0.85
23830,0.92
23840,0.83
23850,0.97
23860,0.91
23870,0.83
23880,0.90
23890,0.93
23900,0.90
23910,0.90
23920,0.98
23930,0.96
23940,0.96
23950,0.99
23960,0.86
23970,0.83
23980,0.91
23991,0.89
24000,1.10
24010,1.03
24020,0.82
24030,0.79
24040,0.76
24050,1.47
24060,1.00
24070,1.56
24080,1.80
24090,0.82
24100,0.71
24110,0.86
24120,0.93
24130,0.99
24140,1.00
24150,0.99
24160,0.86
24170,0.89
24180,0.80
24190,0.94
24200,0.87
24210,0.88
24220,0.80
24230,0.89
24240,0.87
24250,1.01
24260,1.04
24270,0.92
24280,0.93
24290,1.02
24300,0.83
24310,1.05
24320,0.91
24330,0.93
24340,0.91
24350,0.84
24360,0.83
24370,0.90
24380,1.06
24390,0.99
24400,0.76
24410,0.92
24420,1.11
24430,0.95
24440,0.72
24450,0.78
24460,0.95
24470,1.02
24480,1.01
24490,0.85
24500,0.91
24510,0.96
24520,0.66
24530,1.30
24540,1.07
24550,1.44
24560,1.87
24570,0.93
24580,0.74
24590,0.87
24600,0.96
24610,1.02
24620,1.02
24630,0.95
24640,0.90
24650,0.85
24660,0.80
24670,0.90
24680,0.86
24690,0.89
24700,0.86
24710,0.89
24720,0.95
24730,0.93
24740,0.96
24750,0.94
24760,0.91
24770,0.98
24780,0.98
24790,0.89
24800,0.81
24810,0.91
24820,0.99
24830,0.90
24840,0.92
24850,0.88
24860,0.90
24870,0.92
24880,0.98
24890,0.87
24900,1.12
24910,0.84
24920,0.96
24930,1.01
24940,0.83
24950,0.85
24960,0.91
24970,0.90
24980,1.14
24990,0.84
25000,0.85
25010,1.50
25020,0.97
25030,1.38
25040,1.84
25050,0.81
25060,0.74
25070,0.87
25080,1.14
25090,0.98
25100,1.02
25110,0.97
25120,0.89
25130,0.87
25140,0.83
25150,0.91
25160,0.94
25170,0.86
25180,0.85
25190,0.89
25200,0.95
25210,0.88
25220,1.03
25230,0.93
25240,1.04
25250,0.94
25260,0.98
25270,0.83
25280,0.93
25290,0.90
25300,0.80
25310,0.91
25320,0.92
25330,1.10
25340,0.87
25350,0.92
25360,0.85
25370,0.85
25380,0.98
25390,0.83
25400,1.05
25410,0.83
25420,0.93
25430,0.79
25440,1.08
25450,0.79
25460,1.03
25470,0.81
25480,0.80
25490,1.38
25500,0.95
25510,1.26
25520,1.94
25530,0.85
25540,0.73
25550,0.87
25560,1.10
25570,0.97
25580,1.11
25590,1.01
25600,0.87
25610,0.90
25620,0.82
25630,0.82
25640,0.93
25650,0.86
25660,0.90
25670,0.85
25680,0.99
25690,0.91
25700,0.94
25710,0.87
25720,0.95
25730,0.92
25740,0.85
25750,0.88
25760,0.91
25770,0.97
25780,0.84
25790,0.84
25800,0.97
25810,0.97
25820,0.99
25830,0.86
25840,0.90
25850,0.86
25860,0.90
25870,0.98
25880,0.88
25890,0.94
25900,0.87
25910,0.79
25920,0.97
25930,1.05
25940,0.87
25950,0.85
25960,0.85
25970,1.40
25980,1.05
25990,1.25
26000,1.88
26010,0.75
26020,0.78
26030,0.90
26040,0.98
26050,0.96
26060,1.11
26070,0.99
26080,0.84
26090,0.91
26100,0.93
26110,0.83
26120,0.92
26130,0.88
26140,0.92
26150,0.87
26160,0.99
26170,0.95
26180,0.92
26190,0.96
26200,0.86
26210,0.85
26220,1.02
26230,0.91
26240,1.01
26250,0.92
26260,0.84
26270,0.82
26280,0.93
26290,1.02
26300,0.94
26310,0.93
26320,0.92
26330,0.87
26340,0.94
26350,0.96
26360,0.91
26370,0.96
26380,0.92
26390,0.92
26400,0.90
26410,0.87
26420,0.90
26430,0.92
26440,0.79
26450,0.92
26460,0.95
26470,1.08
26480,1.75
26490,0.77
26500,0.77
26510,0.96
26520,1.02
26530,0.93
26540,1.25
26550,0.93
26560,0.86
26570,0.86
26580,0.92
26590,0.84
26600,0.93
26610,0.85
26620,0.98
26630,0.87
26640,0.95
26650,0.93
26660,0.88
26670,0.87
26680,0.89
26690,0.92
26700,1.01
26710,0.99
26720,0.82
26730,0.83
26740,0.93
26750,0.99
26760,1.02
26770,0.94
26780,0.83
26790,0.93
26800,1.12
26810,0.95
26820,0.91
26830,0.97
26840,0.98
26850,0.84
26860,0.93
26870,1.06
26880,0.85
26890,0.99
26900,0.88
26910,0.94
26920,0.81
26930,1.26
26940,0.95
26950,1.06
26960,1.62
26970,0.77
26980,0.78
26990,0.96
27000,0.92
27010,0.91
27020,1.22
27030,0.93
27040,0.89
27050,0.85
27060,0.90
27070,0.80
27080,0.98
27090,0.80
27100,0.99
27110,0.90
27120,0.89
27130,0.97
27140,0.86
27150,0.86
27160,1.01
27170,1.03
27180,1.02
27190,0.79
27200,1.03
27210,0.98
27220,0.94
27230,0.96
27240,0.93
27250,0.89
27260,1.02
27270,0.79
27280,0.95
27290,0.84
27300,0.88
27310,0.96
27320,0.88
27330,1.03
27340,0.82
27350,1.05
27360,0.89
27370,0.87
27380,0.87
27390,0.98
27400,0.68
27410,1.12
27420,1.06
27430,1.00
27440,1.50
27450,0.69
27460,0.76
27470,1.01
27480,0.94
27490,0.95
27500,1.17
27510,1.01
27520,0.97
27530,0.74
27540,0.92
27550,0.81
27560,0.94
27570,0.84
27580,0.99
27590,0.88
27600,0.99
27610,0.89
27620,0.89
27630,0.89
27640,0.96
27650,0.89
27660,0.96
27670,0.92
27680,0.82
27690,0.94
27700,0.89
27710,0.99
27720,0.86
27730,0.84
27740,0.97
27750,0.87
27760,0.95
27770,0.63
27780,1.21
27790,0.96
27800,0.73
27810,0.88
27820,0.91
27830,0.98
27840,0.98
27850,0.91
27860,0.81
27870,0.88
27880,0.81
27890,1.15
27900,0.98
27910,1.11
27920,1.55
27930,0.73
27940,0.79
27950,1.00
27960,0.80
27970,0.92
27980,1.21
27990,0.98
28000,0.92
28010,0.71
28020,0.95
28030,0.84
28040,0.97
28050,0.81
28060,0.93
28070,0.84
28080,0.95
28090,0.91
28100,0.96
28110,0.92
28120,0.93
28130,0.90
28140,0.95
28150,0.99
28160,0.94
28170,0.86
28180,0.89
28190,0.96
28200,0.95
28210,0.95
28220,0.96
28230,0.93
28240,0.87
28250,0.87
28260,0.93
28270,0.90
28280,0.80
28290,0.80
28300,0.86
28310,0.97
28320,0.92
28330,0.89
28340,0.93
28350,0.95
28360,0.71
28370,1.07
28380,1.09
28390,1.09
28400,1.53
28410,0.65
28420,0.76
28430,1.06
28440,0.81
28450,0.92
28460,1.20
28470,1.02
28480,0.96
28490,0.76
28500,0.86
28510,0.80
28520,0.91
28530,0.88
28540,1.00
28550,0.83
28560,0.90
28570,0.99
28580,0.90
28590,0.81
28600,0.89
28610,1.02
28620,0.96
28630,0.88
28640,0.82
28650,0.94
28660,0.95
28670,0.96
28680,0.91
28690,0.95
28700,0.93
28710,0.90
28720,0.97
28730,0.84
28740,0.92
28750,0.98
28760,0.98
28770,0.98
28780,0.83
28790,0.84
28800,1.01
28810,0.91
28820,1.04
28830,0.97
28840,0.90
28850,1.17
28860,0.96
28870,1.01
28880,1.34
28890,0.88
28900,0.67
28910,1.07
28920,0.67
28930,0.92
28940,1.11
28950,1.02
28960,1.04
28970,0.76
28980,0.89
28990,0.80
29001,0.99
29010,0.86
29020,0.94
29030,0.90
29040,0.92
29050,0.87
29060,1.01
29070,0.89
29080,0.88
29090,0.98
29100,0.94
29110,0.89
29120,0.93
29130,0.99
29140,0.86
29150,1.00
29160,0.85
29170,1.03
29180,0.88
29190,1.02
29200,0.87
29210,0.90
29220,1.02
29230,0.81
29240,1.04
29250,0.86
29260,0.99
29270,0.81
29280,0.97
29290,0.90
29300,0.99
29310,0.90
29320,0.72
29330,1.19
29340,0.98
29350,0.92
29360,1.30
29370,0.90
29380,0.71
29390,1.14
29400,0.74
29410,0.91
29420,1.08
29430,0.96
29440,1.07
29450,0.75
29460,0.91
29470,0.84
29480,0.93
29490,0.85
29500,0.95
29510,0.86
29520,0.97
29530,0.90
29540,0.91
29550,0.89
29560,0.92
29570,0.96
29580,0.93
29590,0.88
29600,0.91
29610,1.00
29620,0.85
29630,0.87
29640,0.95
29650,1.03
29660,0.88
29670,0.92
29680,0.94
29690,0.87
29700,0.78
29710,0.85
29720,1.02
29730,0.94
29740,0.88
29750,0.92
29760,0.91
29770,1.03
29780,0.96
29790,0.91
29800,0.79
29810,1.10
29820,0.96
29830,1.00
29840,1.53
29850,0.86
29860,0.68
29870,1.11
29880,0.69
29890,0.90
29900,1.10
29910,0.94
29920,1.05
29930,0.75
29940,0.92
29950,0.84
29960,0.91
29970,0.86
29980,0.98
29990,0.85
30000,0.98
30010,0.96
30020,0.92
30030,0.89
30040,0.94
30050,0.91
30060,0.93
30070,1.03
30080,0.94
30090,0.89
30100,0.89
30110,0.86
30120,0.87
30130,1.01
30140,0.98
30150,0.95
30160,0.90
30170,0.86
30180,0.95
30190,0.91
30200,0.94
30210,0.92
30220,0.95
30230,0.93
30240,0.87
30250,0.91
30260,0.90
30270,0.91
30280,0.76
30290,0.97
30300,1.09
30310,1.02
30320,1.56
30330,0.97
30340,0.72
30350,1.10
30360,0.79
30370,0.89
30380,1.12
30390,0.88
30400,0.99
30410,0.79
30420,0.91
30430,0.84
30440,0.91
30450,0.86
30460,0.94
30470,0.87
30480,0.96
30490,0.93
30500,0.90
30510,0.86
30520,0.96
30530,0.95
30540,0.98
30550,0.92
30560,0.86
30570,0.86
30580,0.88
30590,0.99
30600,0.93
30610,0.88
30620,0.87
30630,0.92
30640,1.00
30650,0.93
30660,0.80
30670,0.78
30680,1.10
30690,0.83
30700,0.90
30710,1.01
30720,0.82
30730,1.01
30740,0.90
30750,0.89
30760,0.80
30770,1.16
30780,0.90
30790,1.19
30800,1.48
30810,0.81
30820,0.68
30830,1.14
30840,0.67
30850,0.91
30860,1.27
30870,0.94
30880,1.06
30890,0.78
30900,0.90
30910,0.83
30920,0.95
30930,0.85
30940,1.00
30950,0.89
30960,0.91
30970,1.00
30980,0.94
30990,0.84
31000,0.87
31010,1.10
31020,0.97
31030,1.23
31040,1.42
31050,0.69
31060,0.77
31070,1.14
31080,0.80
31090,0.90
31100,1.21
31110,1.01
31120,1.08
31130,0.86
31140,0.95
31150,0.80
31160,0.91
31170,0.89
31180,0.98
31190,0.86
31200,0.91
31210,0.94
31220,0.90
31230,0.94
31240,0.84
31250,1.14
31260,0.93
31270,1.28
31280,1.47
31290,0.82
31300,0.66
31310,1.12
31320,0.80
31330,0.95
31340,1.25
31350,0.89
31360,1.06
31370,0.78
31380,0.94
31390,0.86
31400,0.89
31410,0.86
31420,0.98
31430,0.89
31440,0.96
31450,0.87
31460,0.89
31470,0.90
31480,0.85
31490,0.86
31500,0.89
31510,0.90
31520,0.85
31530,0.88
31540,1.02
31550,0.95
31560,0.89
31570,0.90
31580,0.98
31590,0.88
31600,0.96
31610,1.03
31620,0.85
31630,0.87
31640,0.96
31650,0.89
31660,1.03
31670,0.97
31680,1.03
31690,0.93
31700,0.85
31710,0.84
31720,0.83
31730,1.13
31740,0.92
31750,1.21
31760,1.49
31770,0.85
31780,0.66
31790,1.13
31800,0.70
31810,0.92
31820,1.25
31830,0.91
31840,1.01
31850,0.76
31860,0.94
31870,0.92
31880,0.97
31890,0.83
31900,0.89
31910,0.83
31920,0.98
31930,0.99
31940,0.97
31950,0.95
31960,0.97
31970,1.04
31980,0.92
31990,1.05
32000,0.82
32010,0.90
32020,0.85
32030,0.99
32040,0.85
32050,0.98
32060,1.01
32070,0.80
32080,0.87
32090,1.00
32100,0.96
32110,0.94
32120,0.88
32130,0.85
32140,0.90
32150,0.93
32160,0.98
32170,0.90
32180,0.93
32190,0.87
32200,0.74
32210,0.98
32220,1.01
32230,1.21
32240,1.52
32250,0.87
32260,0.67
32270,1.14
32280,0.78
32290,0.85
32300,1.20
32310,0.89
32320,0.99
32330,0.81
32340,0.91
32350,0.80
32360,0.95
32370,0.89
32380,0.99
32390,0.82
32400,0.93
32410,0.96
32420,0.94
32430,0.84
32440,0.91
32450,1.04
32460,0.94
32470,0.88
32480,0.85
32490,0.94
32500,0.94
32510,0.86
32520,0.98
32530,0.90
32540,0.92
32550,0.95
32560,1.00
32570,0.86
32580,0.94
32590,0.95
32600,0.85
32610,0.87
32620,0.88
32630,0.78
32640,0.96
32650,0.98
32660,0.95
32670,0.82
32680,0.87
32690,1.23
32700,0.95
32710,1.11
32720,1.47
32730,0.72
32740,0.72
32750,1.14
32760,0.84
32770,0.87
32780,1.19
32790,0.93
32800,1.04
32810,0.78
32820,0.93
32830,0.78
32840,0.96
32850,0.85
32860,0.95
32870,0.89
32880,0.91
32890,0.88
32900,0.95
32910,0.86
32920,1.03
32930,0.87
32940,0.96
32950,0.86
32960,0.83
32970,1.11
32980,0.85
32990,0.98
33000,0.82
33010,0.95
33020,0.78
33030,0.86
33040,0.80
33050,0.99
33060,0.99
33070,0.87
33080,1.05
33090,0.81
33100,0.99
33110,0.85
33120,0.99
33130,0.85
33140,1.00
33150,0.81
33160,0.87
33170,1.18
33180,0.86
33190,0.97
33200,1.38
33210,0.72
33220,0.67
33230,1.16
33240,0.84
33250,0.89
33260,1.19
33270,0.97
33280,1.00
33290,0.82
33300,0.93
33310,0.79
33320,0.95
33330,0.88
33340,0.97
33350,0.83
33360,0.99
33370,0.92
33380,0.98
33390,0.86
33400,0.99
33410,0.88
33420,0.95
33430,0.83
33440,0.92
33450,0.99
33460,0.93
33470,0.92
33480,0.81
33490,0.98
33500,1.02
33510,0.93
33520,0.92
33530,0.89
33540,0.99
33550,0.98
33560,0.90
33570,1.08
33580,0.88
33590,1.07
33600,0.89
33610,0.96
33620,0.89
33630,0.82
33640,0.87
33650,1.14
33660,0.97
33670,1.12
33680,1.43
33690,0.70
33700,0.75
33710,1.17
33720,0.82
33730,0.91
33740,1.19
33750,0.91
33760,1.05
33770,0.82
33780,0.98
33790,0.86
33800,0.93
33810,0.87
33820,0.98
33830,0.87
33840,0.98
33850,0.96
33860,0.92
33870,0.88
33880,0.92
33890,0.74
33900,1.11
33910,0.91
33920,0.94
33930,0.81
33940,0.91
33950,0.87
33960,0.96
33970,1.04
33980,0.92
33990,0.90
34000,0.88
34011,0.96
34020,1.03
34030,0.99
34040,0.91
34050,0.92
34060,1.03
34070,0.84
34080,0.87
34090,0.88
34100,0.96
34110,1.00
34120,0.76
34130,0.92
34140,1.08
34150,1.11
34160,1.46
34170,0.78
34180,0.70
34190,1.11
34200,0.92
34210,0.88
34220,1.16
34230,0.91
34240,1.01
34250,0.86
34260,0.96
34270,0.79
34280,0.92
34290,0.90
34300,0.96
34310,0.80
34320,0.93
34330,0.94
34340,0.91
34350,0.84
34360,0.86
34370,0.88
34380,0.99
34390,0.89
34400,0.83
34410,0.82
34420,0.92
34430,0.97
34440,1.02
34450,0.95
34460,0.86
34470,0.98
34480,1.02
34490,0.89
34500,0.95
34513,0.99
34521,0.97
34530,0.90
34540,0.95
34550,1.05
34560,0.81
34570,0.95
34580,0.98
34590,0.95
34600,0.70
34610,1.09
34620,0.96
34630,1.06
34640,1.38
34650,0.65
34660,0.67
34670,1.13
34680,0.76
34690,0.90
34700,1.16
34710,0.92
34720,1.07
34730,0.73
34740,0.91
34750,0.83
34760,0.96
34770,0.86
34780,0.98
34790,0.89
34800,0.94
34810,0.96
34820,0.91
34830,0.85
34840,1.01
34850,0.94
34860,0.80
34870,0.77
34880,0.87
34890,0.82
34900,0.91
34910,1.05
34920,0.99
34930,0.91
34940,1.02
34950,0.91
34960,1.01
34970,0.88
34980,0.80
34990,0.87
35000,0.97
35010,0.88
35020,0.91
35030,0.96
35040,0.91
35050,0.88
35060,0.84
35070,0.73
35080,0.73
35090,1.18
35100,1.00
35110,1.05
35120,1.42
35130,0.93
35140,0.69
35150,1.15
35160,0.91
35170,0.90
35180,1.18
35190,0.97
35200,1.06
35210,0.78
35220,0.92
35230,0.87
35240,0.94
35250,0.84
35260,0.95
35270,0.87
35280,0.93
35290,0.92
35300,0.85
35310,0.93
35320,0.94
35330,0.87
35340,0.88
35350,0.96
35360,0.86
35370,0.85
35380,1.03
35390,0.89
35400,0.92
35410,0.74
35420,0.78
35430,0.85
35440,0.84
35450,0.94
35460,0.91
35470,0.97
35480,0.79
35490,0.85
35500,1.12
35510,0.98
35520,0.85
35530,0.91
35540,0.88
35550,0.81
35560,0.83
35570,1.21
35580,1.00
35590,1.10
35600,1.54
35610,0.90
35620,0.63
35630,1.11
35640,0.73
35650,0.91
35660,1.17
35670,0.86
35680,1.00
35690,0.75
35700,0.91
35710,0.88
35720,0.94
35730,0.88
35740,0.92
35750,0.91
35760,0.96
35770,0.91
35780,0.95
35790,0.92
35800,0.89
35810,0.88
35820,0.86
35830,1.00
35840,0.89
35850,0.83
35860,0.95
35870,0.88
35880,0.94
35890,0.99
35900,1.02
35910,0.92
35920,0.81
35930,0.96
35940,0.98
35950,0.98
35960,0.86
35970,0.80
35980,0.86
35990,0.94
36000,0.91
36010,0.93
36020,0.95
36030,0.94
36040,0.72
36050,1.06
36060,1.07
36070,1.22
36080,1.56
36090,0.84
36100,0.69
36110,1.15
36120,0.80
36130,0.92
36140,1.27
36150,0.88
36160,0.99
36170,0.78
36180,0.89
36190,0.83
36200,0.93
36210,0.90
36220,0.99
36230,0.83
36240,0.89
36250,0.96
36260,0.92
36270,0.95
36280,0.97
36290,1.02
36300,0.93
36310,0.81
36320,0.81
36330,0.88
36340,0.97
36350,0.96
36360,0.94
36370,0.85
36380,0.88
36390,0.88
36400,0.97
36410,0.85
36420,1.09
36430,0.98
36440,0.75
36450,0.87
36460,0.98
36470,0.88
36480,0.91
36490,0.81
36500,1.03
36510,0.85
36520,0.87
36530,1.11
36540,0.98
36550,1.19
36560,1.53
36570,0.81
36580,0.67
36590,1.16
36600,0.74
36610,0.89
36620,1.27
36630,0.91
36640,1.02
36650,0.85
36660,0.89
36670,0.86
36680,0.99
36690,0.85
36700,0.93
36710,0.91
36720,0.90
36730,0.91
36740,0.88
36750,0.85
36760,0.93
36770,0.94
36780,0.93
36790,0.73
36800,0.97
36810,1.01
36820,0.96
36830,0.98
36840,0.79
36850,1.01
36860,0.83
36870,1.03
36880,0.90
36890,0.95
36900,1.01
36910,0.83
36920,0.91
36930,1.00
36940,0.86
36950,1.09
36960,0.76
36970,0.98
36980,0.95
36990,0.92
37000,0.86
37010,1.19
37020,0.86
37030,1.06
37040,1.45
37050,0.70
37060,0.72
37070,1.15
37080,0.86
37090,0.93
37100,1.19
37110,0.88
37120,1.03
37130,0.78
37140,0.91
37150,0.80
37160,0.94
37170,0.86
37180,0.99
37190,0.87
37200,0.99
37210,0.87
37220,0.87
37230,0.87
37240,0.93
37250,1.00
37260,0.88
37270,0.86
37280,0.90
37290,0.94
37300,0.83
37310,0.88
37320,0.96
37330,0.92
37340,1.02
37350,0.95
37360,0.92
37370,0.88
37380,1.06
37390,0.85
37400,0.79
37410,0.94
37420,0.89
37430,0.85
37440,0.91
37450,1.01
37460,0.87
37470,0.82
37480,0.82
37490,1.19
37500,1.01
37510,1.12
37520,1.47
37530,0.67
37540,0.74
37550,1.15
37560,0.84
37570,0.91
37580,1.20
37590,0.94
37600,0.99
37610,0.72
37620,0.96
37630,0.82
37640,0.94
37650,0.86
37660,0.95
37670,0.85
37680,0.96
37690,0.98
37700,0.93
37710,0.89
37720,0.95
37730,0.88
37740,0.95
37750,0.99
37760,0.90
37770,0.85
37780,0.89
37790,0.87
37800,0.96
37810,1.04
37820,1.05
37830,0.94
37840,0.87
37850,0.82
37860,0.95
37870,0.91
37880,0.91
37890,0.95
37900,0.94
37910,0.89
37920,0.86
37930,0.89
37940,0.97
37950,0.94
37960,0.77
37970,0.93
37980,0.95
37990,1.06
38000,1.43
38010,0.67
38020,0.68
38030,1.12
38040,0.87
38050,0.90
38060,1.20
38070,0.92
38080,0.94
38090,0.77
38100,0.92
38110,0.83
38120,0.92
38130,0.83
38140,0.96
38150,0.92
38160,0.91
38170,0.97
38180,0.89
38190,0.83
38200,0.86
38210,0.83
38220,1.01
38230,0.92
38240,0.84
38250,0.83
38260,0.86
38270,0.98
38280,1.03
38290,0.85
38300,0.83
38310,0.96
38320,1.09
38330,0.85
38340,0.94
38350,0.71
38360,1.04
38370,0.79
38380,0.83
38390,0.99
38400,0.90
38410,1.03
38420,0.93
38430,0.84
38440,0.73
38450,1.20
38460,0.96
38470,1.01
38480,1.33
38490,0.93
38500,0.63
38510,1.15
38520,0.77
38530,0.90
38540,1.11
38550,0.90
38560,0.99
38570,0.78
38580,0.91
38590,0.84
38600,0.94
38610,0.84
38620,0.98
38630,0.88
38640,0.91
38650,0.97
38660,0.87
38670,0.87
38680,0.96
38690,1.08
38700,1.05
38710,1.32
38720,1.50
38730,0.74
38740,0.71
38750,1.10
38760,0.92
38770,0.92
38780,1.24
38790,0.91
38800,1.03
38810,0.82
38820,0.95
38830,0.77
38840,0.91
38850,0.87
38860,0.99
38870,0.90
38880,0.98
38890,0.99
38900,0.97
38910,0.92
38920,0.88
38930,1.15
38940,0.92
38950,1.06
38960,1.54
38970,0.85
38980,0.65
38990,1.13
39000,0.76
39010,0.96
39021,1.15
39030,0.86
39040,1.00
39050,0.83
39060,0.90
39070,0.84
39080,0.89
39090,0.85
39100,0.95
39110,0.90
39120,1.04
39130,0.85
39140,0.87
39150,0.83
39160,0.93
39170,0.97
39180,1.02
39190,0.97
39200,0.92
39210,0.98
39220,0.90
39230,0.93
39240,1.00
39250,0.80
39260,0.97
39270,0.96
39280,0.89
39290,0.79
39300,0.88
39310,0.90
39320,0.86
39330,1.06
39340,1.11
39350,1.08
39360,1.09
39370,0.91
39380,1.00
39390,0.91
39400,0.89
39410,1.12
39420,1.00
39430,1.23
39440,1.56
39450,0.74
39460,0.64
39470,1.18
39480,0.73
39490,0.86
39500,1.27
39510,0.90
39520,1.03
39530,0.79
39540,0.89
39550,0.80
39560,0.94
39570,0.83
39580,0.91
39590,0.84
39600,1.00
39610,0.96
39620,0.98
39630,0.93
39640,0.90
39650,1.01
39660,0.75
39670,0.91
39680,0.79
39690,0.95
39700,0.75
39710,0.95
39720,0.92
39730,1.01
39740,0.95
39750,0.97
39760,0.80
39770,0.86
39780,0.85
39790,0.95
39800,0.84
39810,0.81
39820,0.84
39830,0.78
39840,0.96
39850,0.94
39860,0.91
39870,0.92
39880,0.80
39890,1.10
39900,0.99
39910,1.10
39920,1.48
39930,0.80
39940,0.69
39950,1.14
39960,0.88
39970,0.90
39980,1.23
39990,0.89
40000,1.00
40010,0.79
40020,0.92
40030,0.79
40040,0.88
40050,0.88
40060,1.00
40070,0.91
40080,0.91
40090,0.96
40100,0.99
40110,0.93
40120,0.85
40130,0.97
40140,1.02
40150,0.92
40160,0.73
40170,0.76
40180,0.96
40190,0.98
40200,0.93
40210,0.91
40220,0.98
40230,0.87
40240,0.95
40250,0.87
40260,0.91
40270,0.88
40280,0.94
40290,1.04
40300,0.85
40310,0.87
40320,1.06
40330,0.87
40340,0.88
40350,0.84
40360,0.85
40370,1.17
40380,1.02
40390,1.08
40400,1.40
40410,0.68
40420,0.63
40430,1.16
40440,0.75
40450,0.90
40460,1.14
40470,0.92
40480,1.07
40490,0.69
40500,0.95
40510,0.74
40520,0.92
40530,0.86
40540,0.95
40550,0.91
40560,0.89
40570,0.90
40580,1.04
40590,0.86
40600,0.89
40610,0.81
40620,1.05
40630,0.82
40640,0.81
40650,0.82
40660,0.87
40670,1.07
40680,0.88
40690,1.03
40700,0.85
40710,0.92
40720,0.76
40730,0.98
40740,0.92
40750,0.88
40760,1.00
40770,0.85
40780,0.95
40790,0.86
40800,1.00
40810,0.87
40820,1.04
40830,0.79
40840,0.73
40850,1.21
40860,1.09
40870,1.00
40880,1.38
40890,0.68
40900,0.69
40910,1.18
40920,0.84
40930,0.93
40940,1.13
40950,0.94
40960,1.03
40970,0.72
40980,0.90
40990,0.81
41000,0.91
41010,0.91
41020,0.96
41030,0.86
41040,0.89
41050,0.93
41060,0.94
41070,0.95
41080,1.04
41090,1.03
41100,0.96
41110,0.91
41120,0.93
41130,0.95
41140,0.90
41150,0.93
41160,0.92
41170,0.95
41180,0.95
41190,0.90
41200,0.95
41210,0.86
41220,0.77
41230,0.90
41240,1.04
41250,0.99
41260,0.83
41270,0.89
41280,1.02
41290,0.97
41300,1.08
41310,0.86
41320,0.83
41330,1.14
41340,1.03
41350,1.05
41360,1.48
41370,0.91
41380,0.64
41390,1.13
41400,0.72
41410,0.90
41420,1.09
41430,0.84
41440,1.03
41450,0.80
41460,0.94
41470,0.82
41480,0.89
41490,0.86
41500,0.95
41510,0.90
41520,0.94
41530,0.96
41540,0.93
41550,0.86
41560,0.90
41570,0.96
41580,0.81
41590,1.02
41600,0.93
41610,0.85
41620,0.84
41630,0.86
41640,0.96
41650,1.05
41660,0.99
41670,0.87
41680,0.80
41690,0.86
41700,0.81
41710,1.00
41720,0.96
41730,0.85
41740,0.87
41750,1.05
41760,0.98
41770,0.78
41780,0.91
41790,0.99
41800,0.79
41810,1.04
41820,0.99
41830,1.20
41840,1.60
41850,0.86
41860,0.69
41870,1.13
41880,0.83
41890,0.88
41900,1.17
41910,0.90
41920,0.97
41930,0.81
41940,0.87
41950,0.85
41960,0.94
41970,0.90
41980,0.94
41990,0.81
42000,1.04
42010,0.94
42020,0.94
42030,0.90
42040,0.88
42050,0.87
42060,0.99
42070,0.99
42080,0.95
42090,0.81
42100,0.92
42110,1.02
42120,1.02
42130,0.91
42140,0.81
42150,0.85
42160,1.10
42170,1.02
42180,0.94
42190,0.92
42200,0.96
42210,0.76
42220,0.73
42230,0.99
42240,0.83
42250,0.93
42260,0.88
42270,0.92
42280,0.84
42290,1.12
42300,1.02
42310,1.16
42320,1.49
42330,0.80
42340,0.69
42350,1.17
42360,0.73
42370,0.86
42380,1.24
42390,0.89
42400,0.96
42410,0.82
42420,0.86
42430,0.80
42440,0.94
42450,0.85
42460,0.96
42470,0.90
42480,0.91
42490,0.97
42500,0.84
42510,0.83
42520,0.95
42530,0.92
42540,1.13
42550,0.93
42560,0.83
42570,0.89
42580,1.01
42590,0.95
42600,0.93
42610,0.96
42620,1.00
42630,0.82
42640,0.81
42650,1.08
42660,0.79
42670,1.01
42680,0.95
42690,0.91
42700,0.94
42710,1.06
42720,0.90
42730,0.94
42740,0.83
42750,0.77
42760,0.83
42770,1.04
42780,1.02
42790,1.15
42800,1.55
42810,0.82
42820,0.71
42830,1.10
42840,1.07
42850,0.89
42860,1.17
42870,0.88
42880,0.92
42890,0.83
42900,0.86
42910,0.82
42920,0.88
42930,0.85
42940,0.97
42950,0.89
42960,0.96
42970,0.89
42980,0.84
42990,0.86
43000,0.97
43010,0.94
43020,0.97
43030,0.94
43040,0.92
43050,0.82
43060,1.04
43070,0.90
43080,0.96
43090,0.79
43100,0.88
43110,0.85
43120,1.08
43130,0.74
43140,1.00
43150,1.05
43160,0.84
43170,0.85
43180,0.95
43190,0.99
43200,1.01
43210,0.91
43220,0.77
43230,0.89
43240,0.81
43250,1.25
43260,1.03
43270,1.15
43280,1.49
43290,0.71
43300,0.69
43310,1.10
43320,0.86
43330,0.86
43340,1.20
43350,0.90
43360,0.92
43370,0.83
43380,0.92
43390,0.86
43400,0.91
43410,0.84
43420,0.92
43430,0.88
43440,0.93
43450,0.94
43460,0.95
43470,0.95
43480,1.00
43490,0.84
43500,0.92
43510,0.94
43520,0.92
43530,0.83
43540,0.93
43550,0.95
43560,1.01
43570,0.99
43580,1.03
43590,0.88
43600,0.84
43610,0.91
43620,0.89
43630,0.93
43640,0.86
43650,0.81
43660,0.88
43670,0.96
43680,0.98
43690,0.90
43700,0.91
43710,0.93
43720,0.74
43730,1.14
43740,1.07
43750,1.06
43760,1.46
43770,0.66
43780,0.69
43790,1.14
43800,0.87
43810,0.89
43820,1.17
43830,0.95
43840,0.95
43850,0.78
43860,0.86
43870,0.81
43880,0.90
43890,0.90
43900,0.97
43910,0.90
43920,0.89
43930,0.93
43940,0.90
43950,0.83
43960,0.91
43970,0.87
43980,0.98
43990,0.85
44000,0.85
44010,0.87
44020,0.93
44031,0.88
44040,0.96
44050,1.00
44060,0.92
44070,0.97
44080,1.07
44090,0.80
44100,0.87
44110,0.73
44120,0.82
44130,1.02
44140,0.99
44150,0.87
44160,0.99
44170,0.80
44180,0.96
44190,0.85
44200,0.82
44210,1.10
44220,1.02
44230,1.02
44240,1.34
44250,0.96
44260,0.64
44270,1.13
44280,0.76
44290,0.90
44300,1.15
44310,0.93
44320,1.03
44330,0.78
44340,0.88
44350,0.80
44360,0.91
44370,0.88
44380,0.90
44390,0.90
44400,0.88
44410,0.94
44420,0.93
44430,0.96
44440,1.02
44450,1.04
44460,0.93
44470,0.74
44480,0.92
44490,0.84
44500,0.94
44510,0.91
44520,0.79
44530,1.00
44540,0.83
44550,1.06
44560,0.84
44570,1.00
44580,0.95
44590,0.81
44600,0.99
44610,0.82
44620,0.85
44630,0.95
44640,0.72
44650,0.91
44660,0.99
44670,0.70
44680,0.72
44690,1.14
44700,1.02
44710,1.08
44720,1.55
44730,0.92
44740,0.68
44750,1.15
44760,0.81
44770,0.92
44780,1.09
44790,0.90
44800,1.01
44810,0.76
44820,0.85
44830,0.87
44840,0.90
44850,0.86
44860,0.96
44870,0.85
44880,0.91
44890,0.92
44900,0.98
44910,0.93
44920,0.93
44930,1.01
44940,0.86
44950,0.88
44960,0.96
44970,0.95
44980,0.98
44990,0.90
45000,0.91
45010,1.01
45020,0.97
45030,0.87
45040,0.93
45050,0.96
45060,1.02
45070,0.85
45080,0.88
45090,0.97
45100,0.91
45110,0.96
45120,0.99
45130,1.09
45140,0.88
45150,0.82
45160,0.78
45170,1.09
45180,0.94
45190,1.20
45200,1.50
45210,0.86
45220,0.68
45230,1.15
45240,0.72
45250,0.85
45260,1.24
45270,0.94
45280,0.98
45290,0.84
45300,0.87
45310,0.83
45320,0.90
45330,0.90
45340,0.96
45350,0.86
45360,1.00
45370,0.93
45380,0.84
45390,0.98
45400,0.83
45410,0.75
45420,1.10
45430,1.05
45440,0.80
45450,0.88
45460,0.86
45470,0.87
45480,1.02
45490,1.03
45500,0.88
45510,0.86
45520,0.85
45530,0.85
45540,0.98
45550,0.89
45560,0.84
45570,0.90
45580,0.94
45590,0.89
45600,0.82
45610,0.87
45620,0.96
45630,0.98
45640,0.89
45650,1.39
45660,1.07
45670,1.13
45680,1.55
45690,0.67
45700,0.69
45710,1.12
45720,0.93
45730,0.85
45740,1.21
45750,0.93
45760,0.91
45770,0.84
45780,0.94
45790,0.81
45800,0.89
45810,0.82
45820,0.96
45830,0.87
45840,0.96
45850,0.92
45860,0.89
45870,0.80
45880,0.89
45890,0.91
45900,0.94
45910,0.93
45920,0.82
45930,0.81
45940,0.87
45950,0.97
45960,1.01
45970,0.96
45980,0.82
45990,0.94
46000,1.12
46010,0.91
46020,1.00
46030,0.74
46040,0.76
46050,0.89
46060,0.79
46070,0.92
46080,0.84
46090,0.95
46100,1.00
46110,0.77
46120,0.72
46130,1.21
46140,1.04
46150,1.14
46160,1.42
46170,0.68
46180,0.62
46190,1.15
46200,0.88
46210,0.86
46220,1.16
46230,0.92
46240,0.89
46250,0.77
46260,0.89
46270,0.84
46280,0.90
46290,0.87
46300,0.97
46310,0.91
46320,0.89
46330,1.01
46340,0.87
46350,0.85
46360,0.87
46370,1.16
46380,1.02
46390,1.24
46400,1.53
46410,0.81
46420,0.68
46430,1.16
46440,0.80
46450,0.86
46460,1.23
46470,0.94
46480,0.94
46490,0.82
46500,0.87
46510,0.83
46520,0.91
46530,0.85
46540,0.95
46550,0.85
46560,1.00
46570,0.88
46580,0.88
46590,0.92
46600,0.93
46610,0.95
46620,0.94
46630,0.91
46640,0.83
46650,1.05
46660,0.97
46670,0.87
46680,0.93
46690,1.01
46700,1.02
46710,0.91
46720,0.95
46730,0.93
46740,0.94
46750,0.91
46760,0.88
46770,0.88
46780,0.91
46790,0.88
46800,0.94
46810,0.92
46820,0.92
46830,0.91
46840,0.91
46850,0.94
46860,0.94
46870,0.97
46880,0.88
46890,0.83
46900,0.80
46910,0.80
46920,1.02
46930,0.83
46940,0.91
46950,0.83
46960,0.78
46970,0.92
46980,0.70
46990,0.87
47000,0.92
47010,0.82
47020,0.90
47030,0.95
47040,0.95
47050,0.97
47060,0.89
47070,0.89
47080,0.91
47090,0.93
47100,0.88
47110,0.85
47120,0.66
47130,0.92
47140,0.51
47150,0.90
47160,0.59
47170,0.94
47180,0.81
47190,0.85
47200,0.93
47210,0.93
47220,0.94
47230,0.95
47240,0.96
47250,0.85
47260,0.70
47270,1.03
47280,0.95
47290,0.66
47300,1.01
47310,0.92
47320,0.81
47330,0.68
47340,1.05
47350,1.09
47360,0.99
47370,1.07
47380,0.94
47390,1.11
47400,1.05
47410,0.87
47420,0.81
47430,0.80
47440,0.95
47450,0.96
47460,0.89
47470,0.77
47480,0.76
47490,0.83
47500,0.84
47510,1.02
47520,0.96
47530,0.84
47540,0.91
47550,0.88
47560,1.05
47570,1.14
47580,0.73
47590,1.08
47600,1.25
47610,1.01
47620,0.56
47630,0.68
47640,0.56
47650,0.75
47660,1.08
47670,1.05
47680,0.92
47690,0.91
47700,0.83
47710,0.87
47720,0.99
47730,1.05
47740,0.93
47750,0.81
47760,0.90
47770,0.98
47780,0.90
47790,0.94
47800,0.82
47810,0.97
47820,0.95
47830,0.97
47840,0.96
47850,0.88
47860,0.87
47870,0.94
47880,0.91
47890,0.99
47900,1.01
47910,1.05
47920,1.28
47930,0.71
47940,0.92
47950,0.97
47960,1.21
47970,1.09
47980,1.03
47990,0.91
48000,0.63
48010,0.65
48020,0.80
48030,0.80
48040,0.93
48050,0.91
48060,0.82
48070,0.95
48080,1.11
48090,1.15
48100,1.11
48110,1.28
48120,1.04
48130,0.70
48140,0.56
48150,0.81
48160,0.71
48170,0.56
48180,0.79
48190,1.16
48200,1.24
48210,0.94
48220,0.59
48230,0.65
48240,0.68
48250,0.53
48260,1.02
48270,1.24
48280,1.05
48290,0.63
48300,0.97
48310,0.82
48320,1.01
48330,0.82
48340,1.12
48350,1.27
48360,0.55
48370,0.75
48380,0.50
48390,0.86
48400,1.29
48410,0.64
48420,1.25
48430,0.93
48440,0.96
48450,0.82
48460,1.05
48470,0.98
48480,0.78
48490,0.92
48500,1.02
48510,0.96
48520,0.96
48530,1.02
48540,0.84
48550,0.81
48560,0.90
48570,0.86
48580,0.89
48590,1.05
48600,0.81
48610,0.89
48620,1.03
48630,0.86
48640,0.95
48650,0.96
48660,0.97
48670,0.84
48680,0.99
48690,0.86
48700,0.88
48710,1.06
48720,1.02
48730,0.92
48740,0.85
48750,1.05
48760,0.89
48770,0.81
48780,1.01
48790,0.99
48800,0.96
48810,0.81
48820,0.99
48830,0.94
48840,0.83
48850,1.00
48860,1.01
48870,0.95
48880,0.89
48890,0.87
48900,0.98
48910,0.96
48920,1.01
48930,0.87
48940,0.86
48950,0.96
48960,0.95
48970,0.87
48980,0.88
48990,0.88
49000,0.94
49010,0.93
49020,0.91
49030,0.96
49041,0.88
49050,0.91
49060,0.91
49070,0.92
49080,0.92
49090,0.92
49100,0.93
49110,0.94
49120,0.92
49130,0.92
49140,0.94
49150,0.96
49160,1.02
49170,0.91
49180,0.93
49190,0.87
49200,0.92
49210,0.95
49220,0.91
49230,0.84
49240,0.90
49250,0.98
49260,0.90
49270,1.01
49280,0.91
49290,0.86
49300,0.93
49310,0.92
49320,0.87
49330,0.98
49340,0.93
49350,0.93
49360,0.96
49370,0.93
49380,0.94
49390,0.85
49400,0.91
49410,0.96
49420,0.64
49430,0.99
49440,1.25
49450,0.76
49460,0.80
49470,0.96
49480,0.84
49490,0.88
49500,0.80
49510,0.91
49520,0.85
49530,0.76
49540,1.02
49550,0.91
49560,0.88
49570,0.82
49580,1.06
49590,0.79
49600,0.95
49610,0.79
49620,0.87
49630,0.75
49640,1.09
49650,0.76
49660,0.81
49670,0.78
49680,1.17
49690,0.79
49700,0.84
49710,0.92
49720,0.89
49730,0.99
49740,0.90
49750,0.80
49761,1.00
49770,1.02
49780,0.85
49790,0.80
49800,0.85
49810,0.76
49820,0.91
49830,1.30
49840,0.81
49850,0.74
49860,0.78
49870,0.96
49880,1.03
49890,1.19
49900,0.62
49910,0.56
49920,0.83
49930,0.96
49940,0.91
49950,0.93
49960,1.32
49970,0.73
49980,1.28
49990,1.27
50000,1.18
50010,1.14
50020,0.54
50030,1.27
50041,1.08
50050,0.80
50060,0.78
50070,0.83
50080,0.99
50090,0.93
50100,0.83
50110,0.86
50120,0.95
50130,0.94
50140,0.96
50150,0.91
50160,0.82
50170,0.86
50180,1.11
50190,0.88
50200,1.06
50210,0.76
50220,0.95
50230,0.97
50240,0.88
50250,0.85
50260,0.84
50270,0.81
50280,0.92
50290,0.91
50300,0.91
50310,0.89
50320,0.82
50330,0.91
50340,0.96
50350,0.90
50360,0.86
50370,0.94
50380,0.93
50390,0.86
50400,0.92
50410,0.95
50420,0.89
50430,0.94
50440,0.92
50450,0.90
50460,1.00
50470,0.99
50480,0.82
50490,0.90
50500,1.00
50510,0.85
50520,1.02
50530,0.96
50540,1.02
50550,0.93
50560,0.87
50570,0.87
50580,0.91
50590,0.92
50600,0.89
50610,0.87
50620,0.96
50630,0.87
50640,0.88
50650,0.82
50660,0.86
50670,1.02
50680,1.00
50690,0.86
50700,0.91
50710,0.99
50720,0.97
50730,0.84
50740,0.86
50750,1.00
50760,0.86
50770,0.90
50780,1.01
50790,0.82
50800,0.93
50810,0.79
50820,0.76
50830,1.18
50840,0.79
50850,0.97
50860,0.94
50870,0.85
50880,0.86
50890,0.97
50900,0.84
50910,0.86
50920,1.05
50930,1.01
50940,0.88
50950,0.88
50960,0.96
50970,0.81
50980,0.94
50990,0.94
51000,0.82
51010,1.01
51020,0.98
51030,0.88
51040,0.95
51050,0.96
51060,0.98
51070,0.91
51080,0.91
51090,0.91
51100,0.91
51110,1.02
51120,0.84
51130,0.96
51140,0.97
51150,1.11
51160,0.94
51170,0.65
51180,1.07
51190,1.05
51200,0.73
51210,0.94
51220,0.83
51230,0.95
51240,0.92
51250,0.94
51260,0.94
51270,0.88
51280,1.03
51290,0.87
51300,1.18
51310,0.83
51320,0.83
51330,0.87
51340,1.10
51350,1.07
51360,1.09
51370,0.76
51380,0.89
51390,1.09
51400,0.85
51410,0.76
51420,0.84
51430,0.76
51440,0.76
51450,0.91
51460,1.04
51470,1.00
51480,1.00
51490,0.79
51500,0.80
51510,0.93
51520,0.93
51530,0.85
51540,0.98
51550,0.89
51560,0.92
51570,0.81
51580,0.94
51590,0.79
51600,1.01
51610,1.48
51620,1.00
51630,1.31
51640,1.26
51650,0.99
51660,0.73
51670,0.59
51680,0.55
51690,1.13
51700,0.93
51710,0.74
51720,0.67
51730,0.64
51740,0.69
51750,0.80
51760,0.79
51770,0.44
51780,1.12
51790,0.88
51800,0.90
51810,0.95
51820,0.55
51830,0.66
51840,0.62
51850,1.03
51860,1.23
51870,1.12
51880,0.86
51890,1.09
51900,0.90
51910,0.86
51920,0.75
51930,0.63
51940,0.91
51950,1.22
51960,0.64
51970,0.80
51980,1.05
51990,1.19
52000,1.19
52010,1.11
52020,0.80
52030,1.24
52040,1.11
52050,0.78
52060,0.49
52070,0.90
52080,1.37
52090,1.02
52100,1.32
52110,1.01
52120,0.50
52130,0.78
52140,1.22
52150,0.63
52160,0.31
52170,0.83
52180,1.45
52190,0.85
52200,0.55
52210,1.28
52220,0.89
52230,0.70
52240,1.00
52250,1.04
52260,1.03
52270,0.96
52280,0.86
52290,0.85
52300,0.81
52310,0.98
52320,0.94
52330,0.85
52340,0.87
52350,1.03
52360,1.02
52370,0.92
52380,1.02
52390,0.80
52400,0.90
52410,0.89
52420,0.84
52430,1.00
52440,1.06
52450,0.87
52460,0.89
52470,1.03
52480,0.82
52490,0.80
52500,1.04
52510,0.97
52520,0.84
52530,0.92
52540,0.93
52550,0.81
52560,0.96
52570,0.90
52580,0.89
52590,0.88
52600,0.99
52610,0.86
52620,0.88
52630,1.01
52640,0.98
52650,0.84
52660,0.89
52670,0.93
52680,0.84
52690,0.98
52700,1.01
52710,0.97
52720,1.00
52730,0.73
52740,0.95
52750,1.07
52760,0.79
52770,0.79
52780,0.82
52790,0.84
52800,0.95
52810,0.93
52820,0.97
52830,0.89
52840,0.98
52850,0.90
52860,0.87
52870,0.90
52880,0.93
52890,0.83
52900,0.88
52910,0.85
52920,0.92
52930,0.95
52940,0.91
52950,0.89
52960,0.90
52970,0.86
52980,0.89
52990,0.99
53000,0.97
53010,0.90
53020,0.94
53030,0.87
53040,0.91
53050,0.91
53060,0.86
53070,1.01
53080,0.86
53090,0.89
53100,1.10
53110,1.05
53120,0.95
53130,0.81
53140,0.96
53150,0.97
53160,0.90
53170,0.93
53180,0.90
53190,0.92
53200,0.93
53210,0.90
53220,0.88
53230,0.97
53240,1.06
53250,1.07
53260,0.70
53270,1.23
53280,1.17
53290,0.64
53300,0.94
53310,0.92
53320,0.96
53330,0.94
53340,0.91
53350,0.82
53360,0.83
53370,1.01
53380,0.87
53390,0.99
53400,0.99
53410,0.78
53420,1.08
53430,0.91
53440,0.96
53450,0.83
53460,0.92
53470,0.79
53480,1.07
53490,1.13
53500,1.18
53510,1.03
53520,1.02
53530,0.69
53540,0.85
53550,0.95
53560,0.90
53570,0.88
53580,0.82
53590,0.78
53600,0.92
53610,0.91
53620,0.79
53630,0.85
53640,1.04
53650,0.78
53660,1.09
53670,1.22
53680,0.85
53690,0.66
53700,1.14
53710,1.02
53720,0.63
53730,0.58
53740,1.35
53750,1.21
53760,0.97
53770,1.00
53780,0.93
53790,0.96
53800,0.59
53810,1.01
53820,0.65
53830,0.51
53840,1.02
53850,0.68
53860,1.09
53870,0.82
53880,1.01
53890,1.06
53900,0.85
53910,0.98
53920,0.85
53930,0.83
53940,0.98
53950,0.89
53960,0.87
53970,0.93
53980,0.90
53990,0.91
54000,0.99
54010,0.89
54020,0.94
54030,1.01
54040,0.78
54051,1.07
54060,0.90
54070,1.02
54080,0.85
54090,0.85
54100,0.90
54110,0.80
54120,0.90
54130,0.93
54140,0.91
54150,0.97
54160,0.85
54170,0.85
54180,0.84
54190,0.87
54200,0.90
54210,0.94
54220,0.98
54230,0.85
54240,0.84
54250,0.87
54260,0.89
54270,0.85
54280,1.03
54290,1.13
54300,0.99
54310,1.00
54320,0.88
54330,0.86
54340,0.96
54350,0.95
54360,0.86
54370,0.90
54380,0.91
54390,0.92
54400,0.95
54410,0.99
54420,0.96
54430,0.93
54440,0.90
54450,0.91
54460,0.88
54470,0.89
54480,0.95
54490,0.95
54500,0.87
54510,0.95
54520,0.89
54530,0.95
54540,1.13
54550,1.10
54560,0.78
54570,0.62
54580,1.00
54590,0.91
54600,0.88
54610,0.67
54620,0.88
54630,0.99
54640,0.94
54650,0.96
54660,0.85
54670,0.85
54680,0.95
54690,0.91
54700,0.97
54710,0.91
54720,0.94
54730,0.85
54740,1.03
54750,0.90
54760,0.88
54770,1.06
54780,1.14
54790,0.55
54800,0.93
54810,0.99
54820,1.00
54830,0.86
54840,0.86
54850,0.90
54860,0.95
54870,0.85
54880,0.82
54890,0.92
54900,1.03
54910,0.84
54920,1.14
54930,0.61
54940,0.85
54950,0.97
54960,0.89
54970,1.03
54980,1.18
54990,0.77
55000,0.79
55010,1.00
55020,1.20
55030,1.06
55040,0.76
55050,0.72
55060,1.15
55070,0.85
55080,0.60
55090,0.93
55100,0.89
55110,0.76
55120,0.95
55130,0.80
55140,0.89
55150,0.71
55160,0.63
55170,0.94
55180,1.02
55190,0.84
55200,0.79
55210,0.81
55220,1.05
55230,0.54
55240,1.27
55250,0.79
55260,1.58
55270,1.29
55280,0.52
55290,0.63
55300,1.14
55310,1.06
55320,0.86
55330,0.99
55340,0.97
55350,0.86
55360,0.88
55370,1.03
55380,1.13
55390,0.90
55400,0.73
55410,0.91
55420,1.19
55430,0.86
55440,0.79
55450,0.84
55460,1.06
55470,0.96
55480,0.77
55490,1.09
55500,1.16
55510,0.87
55520,0.57
55530,1.01
55540,1.15
55550,0.95
55560,0.72
55570,1.09
55580,1.24
55590,0.95
55600,0.97
55610,1.26
55620,1.31
55630,0.72
55640,0.43
55650,0.81
55660,1.34
55670,0.69
55680,0.86
55690,1.15
55700,1.09
55710,0.84
55720,0.78
55730,0.99
55740,1.12
55750,0.57
55760,0.50
55770,0.89
55780,1.04
55790,1.00
55800,1.10
55810,0.81
55820,0.94
55830,1.16
55840,1.15
55850,0.91
55860,0.64
55870,1.12
55880,0.83
55890,0.73
55900,0.76
55910,0.91
55920,1.24
55930,1.16
55940,1.25
55950,0.96
55960,0.39
55970,1.15
55980,0.72
55990,1.11
56000,0.90
56010,0.93
56020,0.50
56030,1.14
56040,1.08
56050,0.83
56060,0.93
56070,1.11
56080,0.64
56090,1.14
56100,1.11
56110,0.77
56120,0.71
56130,0.91
56140,1.13
56150,0.92
56160,0.94
56170,1.00
56180,0.81
56190,0.76
56200,0.88
56210,1.17
56220,0.62
56230,0.47
56240,0.61
56250,0.88
56260,1.09
56270,0.89
56280,0.70
56290,1.02
56300,0.90
56310,0.90
56320,0.82
56330,0.98
56340,1.06
56350,0.90
56360,0.84
56370,0.99
56380,0.54
56390,0.44
56400,0.95
56410,1.15
56420,0.66
56430,0.74
56440,0.92
56450,1.03
56460,1.00
56470,0.73
56480,0.93
56490,0.94
56500,0.99
56510,0.80
56520,0.94
56530,1.05
56540,0.52
56550,0.45
56560,0.87
56570,1.18
56580,0.77
56590,0.64
56600,0.98
56610,1.09
56620,0.73
56630,0.73
56640,1.06
56650,1.01
56660,0.81
56670,0.89
56680,0.97
56690,1.07
56700,0.60
56710,0.48
56720,0.83
56730,1.17
56740,0.82
56750,0.57
56760,1.08
56770,1.13
56780,0.82
56790,0.76
56800,0.99
56810,1.05
56820,0.92
56830,0.92
56840,0.96
56850,0.97
56860,0.57
56870,0.56
56880,1.05
56890,1.21
56900,0.65
56910,0.72
56920,1.08
56930,1.06
56940,0.78
56950,0.82
56960,1.05
56970,0.89
56980,0.82
56990,0.98
57000,1.00
57010,0.93
57020,0.60
57030,1.08
57040,1.04
57050,0.71
57060,0.80
57070,1.10
57080,0.92
57090,0.86
57100,0.98
57110,0.91
57120,0.67
57130,0.92
57140,0.85
57150,1.02
57160,0.82
57170,0.77
57180,0.85
57190,0.67
57200,1.26
57210,0.88
57220,0.76
57230,0.68
57240,1.16
57250,0.94
57260,0.77
57270,0.96
57280,1.03
57290,0.84
57300,0.83
57310,1.05
57320,0.61
57330,1.23
57340,0.46
57350,0.70
57360,0.89
57370,1.13
57380,0.59
57390,0.80
57400,1.17
57410,1.09
57420,0.68
57430,0.70
57440,1.04
57450,0.86
57460,0.88
57470,0.98
57480,0.90
57490,0.97
57500,0.52
57510,0.54
57520,1.07
57530,1.07
57540,0.54
57550,0.76
57560,1.18
57570,0.87
57580,0.73
57590,0.60
57600,0.94
57610,0.91
57620,0.87
57630,1.07
57640,0.84
57650,0.63
57660,0.60
57670,0.94
57680,1.11
57690,0.89
57700,0.65
57710,0.54
57720,0.84
57730,0.81
57740,0.79
57750,1.00
57760,1.10
57770,0.85
57780,0.79
57790,0.97
57800,0.97
57810,0.88
57820,0.40
57830,0.52
57840,1.00
57850,0.94
57860,0.57
57870,0.77
57880,1.12
57890,1.10
57900,0.76
57910,0.75
57920,1.03
57930,1.00
57940,0.74
57950,0.96
57960,1.01
57970,0.95
57980,0.61
57990,0.64
58000,1.05
58010,1.10
58020,0.65
58030,0.77
58040,1.12
58050,1.06
58060,0.69
58070,0.92
58080,1.10
58090,0.89
58100,0.88
58110,0.97
58120,1.41
58130,0.67
58140,0.46
58150,0.67
58160,0.85
58170,1.24
58180,1.15
58190,1.06
58200,1.11
58210,1.00
58220,0.95
58230,0.89
58240,0.77
58250,0.92
58260,0.75
58270,0.67
58280,0.81
58290,1.04
58300,1.18
58310,1.16
58320,1.03
58330,0.95
58340,1.07
58350,0.83
58360,0.72
58370,1.11
58380,0.72
58390,0.86
58400,0.90
58410,1.14
58420,0.99
58430,1.22
58440,0.97
58450,1.08
58460,0.83
58470,0.68
58480,1.09
58490,1.12
58500,1.06
58510,0.90
58520,1.22
58530,1.33
58540,1.37
58550,0.95
58560,0.78
58570,0.78
58580,1.22
58590,1.27
58600,1.27
58610,0.98
58620,0.87
58630,0.75
58640,1.24
58650,1.24
58660,1.23
58670,0.98
58680,0.97
58690,0.71
58700,1.21
58710,1.30
58720,1.14
58730,1.48
58740,0.91
58750,0.75
58760,0.94
58770,1.22
58780,1.14
58790,1.18
58800,0.94
58810,0.80
58820,0.75
58830,1.08
58840,1.33
58850,0.86
58860,0.83
58870,0.78
58880,0.71
58890,1.01
58900,1.25
58910,0.93
58920,0.89
58930,0.69
58940,0.64
58950,1.01
58960,1.28
58970,1.08
58980,0.69
58990,0.72
59000,1.13
59010,1.15
59020,1.27
59030,1.37
59040,1.16
59050,1.08
59061,0.61
59070,1.15
59080,1.30
59090,1.33
59100,0.96
59110,0.75
59120,1.22
59130,1.22
59140,1.18
59150,1.27
59160,1.35
59170,1.20
59180,0.74
59190,0.89
59200,1.37
59210,1.23
59220,1.36
59230,1.28
59240,1.19
59250,1.13
59260,0.92
59270,0.90
59280,0.95
59290,1.60
59300,1.54
59310,1.37
59320,0.83
59330,1.14
59340,0.72
59350,0.63
59360,1.04
59370,1.11
59380,1.16
59390,1.42
59400,1.11
59410,1.16
59420,0.55
59430,0.56
59440,0.68
59450,1.29
59460,1.25
59470,1.24
59480,1.04
59490,1.12
59500,0.48
59510,1.02
59520,1.32
59530,1.07
59540,1.44
59550,1.21
59560,1.36
59570,1.12
59580,0.61
59590,0.64
59600,1.07
59610,1.10
59620,1.47
59630,1.13
59640,1.02
59650,0.96
59660,0.96
59670,1.02
59680,0.78
59690,0.55
59700,0.80
59710,1.19
59720,1.05
59730,1.27
59740,1.04
59750,1.44
59760,1.14
59770,0.71
59780,0.62
59790,0.89
59800,1.04
59810,0.76
59820,1.33
59830,0.89
59840,0.94
59850,1.07
59860,1.53
59870,0.59
59880,1.07
59890,1.04
59900,1.13
59910,0.87
59920,0.67
59930,1.11
59940,0.99
59950,0.78
59960,0.80
59970,1.18
59980,1.13
59990,1.24
